unnamed: 0,country,source_organization,source_document,geographic_unit_full_name,geographic_unit_name,fnid,admin_0,admin_1,admin_2,admin_3,admin_4,population_group,crop_production_system,start_date,period_date,season_name,season_type,season_date,season_year,planting_start_date,planting_end_date,harvest_start_date,harvest_end_date,vegetative_start_date,vegetative_end_date,reproductive_start_date,reproductive_end_date,document_type,preference_rating,indicator_group,indicator,status,value,population,value_per_capita,product,country_code,locality_name,unit,unit_name,cpcv2,cpcv2_description,geographic_group,fewsnet_region,id,datacollectionperiod,datacollection,datasourcedocument,datasourceorganization,indicator_abbreviation,locality,geographic_unit,season,dataseries,dataseries_name,specialization_type,dataseries_specialization_type,data_usage_policy,created,modified,status_changed,collection_status,collection_status_changed,collection_schedule,collection_date,publication_name,submitted_by
35984,Kenya,"Ministry of Agricultural and Livestock Development, Kenya","Official Agricultural Statistics, Kenya","Meru, Kenya",Meru,KE2013A112,Kenya,Meru,,,,,All (PS),2021-12-01,2021-12-31,Annual harvest,Harvest,2021-01-01,Annual harvest 2021,,,,,,,,,Final Government Crop Production,,Crop Production,Area Harvested,Collected,865.0,1775900.0,0.0004870769750549,Sweet Potatoes,KE,"Meru, Kenya (From 01/01/2013): All sectors (PS)",ha,hectare,R01591AA,Sweet potatoes,Eastern Africa,East Africa,37211809.0,344139.0,354637.0,869.0,522.0,crop:harvested,121893.0,3101.0,25.0,7426219.0,"Official Agricultural Statistics, Kenya: Meru, Kenya (From 01/01/2013): All sectors (PS): R01591AA / Sweet Potatoes: Annual harvest: crop: crop:harvested: hectare",/SurveyIndicatorValue/CropProductionIndicatorValue/,/SurveyPopulationIndicator/CropProductionIndicator/,Public,2024-11-23T00:40:14,2024-11-23T00:40:14,2024-11-23T01:01:18,Published,2024-11-23T01:11:37,Ad Hoc,2021-12-31,"statistics.kilimo.go.ke_April_2024, Kenya",
35992,Kenya,"Ministry of Agricultural and Livestock Development, Kenya","Official Agricultural Statistics, Kenya","Meru, Kenya",Meru,KE2013A112,Kenya,Meru,,,,,All (PS),2021-12-01,2021-12-31,Annual harvest,Harvest,2021-01-01,Annual harvest 2021,,,,,,,,,Final Government Crop Production,,Crop Production,Area Harvested,Collected,17392.0,1775900.0,0.0097933442198321,Potato (Irish),KE,"Meru, Kenya (From 01/01/2013): All sectors (PS)",ha,hectare,R01510AB,Solanum tuberosum,Eastern Africa,East Africa,37210790.0,344139.0,354637.0,869.0,522.0,crop:harvested,121893.0,3101.0,25.0,7426184.0,"Official Agricultural Statistics, Kenya: Meru, Kenya (From 01/01/2013): All sectors (PS): R01510AB / Potato (Irish): Annual harvest: crop: crop:harvested: hectare",/SurveyIndicatorValue/CropProductionIndicatorValue/,/SurveyPopulationIndicator/CropProductionIndicator/,Public,2024-11-23T00:39:49,2024-11-23T00:39:49,2024-11-23T01:01:18,Published,2024-11-23T01:11:37,Ad Hoc,2021-12-31,"statistics.kilimo.go.ke_April_2024, Kenya",
35999,Kenya,"Ministry of Agricultural and Livestock Development, Kenya","Official Agricultural Statistics, Kenya","Meru, Kenya",Meru,KE2013A112,Kenya,Meru,,,,,All (PS),2020-12-01,2020-12-31,Annual harvest,Harvest,2020-01-01,Annual harvest 2020,,,,,,,,,Final Government Crop Production,,Crop Production,Area Harvested,Collected,1118.0,1739408.0,0.0006427474175121,Sweet Potatoes,KE,"Meru, Kenya (From 01/01/2013): All sectors (PS)",ha,hectare,R01591AA,Sweet potatoes,Eastern Africa,East Africa,37211655.0,344138.0,354636.0,869.0,522.0,crop:harvested,121893.0,3101.0,25.0,7426219.0,"Official Agricultural Statistics, Kenya: Meru, Kenya (From 01/01/2013): All sectors (PS): R01591AA / Sweet Potatoes: Annual harvest: crop: crop:harvested: hectare",/SurveyIndicatorValue/CropProductionIndicatorValue/,/SurveyPopulationIndicator/CropProductionIndicator/,Public,2024-11-23T00:40:10,2024-11-23T00:40:10,2024-11-23T01:01:18,Published,2024-11-23T01:11:37,Ad Hoc,2020-12-31,"statistics.kilimo.go.ke_April_2024, Kenya",
36006,Kenya,"Ministry of Agricultural and Livestock Development, Kenya","Official Agricultural Statistics, Kenya","Meru, Kenya",Meru,KE2013A112,Kenya,Meru,,,,,All (PS),2020-12-01,2020-12-31,Annual harvest,Harvest,2020-01-01,Annual harvest 2020,,,,,,,,,Final Government Crop Production,,Crop Production,Area Harvested,Collected,21016.8,1739408.0,0.0120827315960372,Potato (Irish),KE,"Meru, Kenya (From 01/01/2013): All sectors (PS)",ha,hectare,R01510AB,Solanum tuberosum,Eastern Africa,East Africa,37212288.0,344138.0,354636.0,869.0,522.0,crop:harvested,121893.0,3101.0,25.0,7426184.0,"Official Agricultural Statistics, Kenya: Meru, Kenya (From 01/01/2013): All sectors (PS): R01510AB / Potato (Irish): Annual harvest: crop: crop:harvested: hectare",/SurveyIndicatorValue/CropProductionIndicatorValue/,/SurveyPopulationIndicator/CropProductionIndicator/,Public,2024-11-23T00:40:26,2024-11-23T00:40:26,2024-11-23T01:01:18,Published,2024-11-23T01:11:37,Ad Hoc,2020-12-31,"statistics.kilimo.go.ke_April_2024, Kenya",
36018,Kenya,"Ministry of Agricultural and Livestock Development, Kenya","Official Agricultural Statistics, Kenya","Meru, Kenya",Meru,KE2013A112,Kenya,Meru,,,,,All (PS),2019-12-01,2019-12-31,Annual harvest,Harvest,2019-01-01,Annual harvest 2019,,,,,,,,,Final Government Crop Production,,Crop Production,Area Harvested,Collected,1093.0,1702347.0,0.000642054763218,Sweet Potatoes,KE,"Meru, Kenya (From 01/01/2013): All sectors (PS)",ha,hectare,R01591AA,Sweet potatoes,Eastern Africa,East Africa,37211742.0,344137.0,354635.0,869.0,522.0,crop:harvested,121893.0,3101.0,25.0,7426219.0,"Official Agricultural Statistics, Kenya: Meru, Kenya (From 01/01/2013): All sectors (PS): R01591AA / Sweet Potatoes: Annual harvest: crop: crop:harvested: hectare",/SurveyIndicatorValue/CropProductionIndicatorValue/,/SurveyPopulationIndicator/CropProductionIndicator/,Public,2024-11-23T00:40:13,2024-11-23T00:40:13,2024-11-23T01:01:18,Published,2024-11-23T01:11:37,Ad Hoc,2019-12-31,"statistics.kilimo.go.ke_April_2024, Kenya",
36026,Kenya,"Ministry of Agricultural and Livestock Development, Kenya","Official Agricultural Statistics, Kenya","Meru, Kenya",Meru,KE2013A112,Kenya,Meru,,,,,All (PS),2019-12-01,2019-12-31,Annual harvest,Harvest,2019-01-01,Annual harvest 2019,,,,,,,,,Final Government Crop Production,,Crop Production,Area Harvested,Collected,17440.5,1702347.0,0.010244973557095,Potato (Irish),KE,"Meru, Kenya (From 01/01/2013): All sectors (PS)",ha,hectare,R01510AB,Solanum tuberosum,Eastern Africa,East Africa,37212143.0,344137.0,354635.0,869.0,522.0,crop:harvested,121893.0,3101.0,25.0,7426184.0,"Official Agricultural Statistics, Kenya: Meru, Kenya (From 01/01/2013): All sectors (PS): R01510AB / Potato (Irish): Annual harvest: crop: crop:harvested: hectare",/SurveyIndicatorValue/CropProductionIndicatorValue/,/SurveyPopulationIndicator/CropProductionIndicator/,Public,2024-11-23T00:40:22,2024-11-23T00:40:22,2024-11-23T01:01:18,Published,2024-11-23T01:11:37,Ad Hoc,2019-12-31,"statistics.kilimo.go.ke_April_2024, Kenya",
36038,Kenya,"Ministry of Agricultural and Livestock Development, Kenya","Official Agricultural Statistics, Kenya","Meru, Kenya",Meru,KE2013A112,Kenya,Meru,,,,,All (PS),2018-12-01,2018-12-31,Annual harvest,Harvest,2018-01-01,Annual harvest 2018,,,,,,,,,Final Government Crop Production,,Crop Production,Area Harvested,Collected,1046.5,1709200.0,0.0006122747484203,Sweet Potatoes,KE,"Meru, Kenya (From 01/01/2013): All sectors (PS)",ha,hectare,R01591AA,Sweet potatoes,Eastern Africa,East Africa,37211551.0,344136.0,354634.0,869.0,522.0,crop:harvested,121893.0,3101.0,25.0,7426219.0,"Official Agricultural Statistics, Kenya: Meru, Kenya (From 01/01/2013): All sectors (PS): R01591AA / Sweet Potatoes: Annual harvest: crop: crop:harvested: hectare",/SurveyIndicatorValue/CropProductionIndicatorValue/,/SurveyPopulationIndicator/CropProductionIndicator/,Public,2024-11-23T00:40:08,2024-11-23T00:40:08,2024-11-23T01:01:18,Published,2024-11-23T01:11:37,Ad Hoc,2018-12-31,"statistics.kilimo.go.ke_April_2024, Kenya",
36048,Kenya,"Ministry of Agricultural and Livestock Development, Kenya","Official Agricultural Statistics, Kenya","Meru, Kenya",Meru,KE2013A112,Kenya,Meru,,,,,All (PS),2018-12-01,2018-12-31,Annual harvest,Harvest,2018-01-01,Annual harvest 2018,,,,,,,,,Final Government Crop Production,,Crop Production,Area Harvested,Collected,17413.5,1709200.0,0.0101880996957641,Potato (Irish),KE,"Meru, Kenya (From 01/01/2013): All sectors (PS)",ha,hectare,R01510AB,Solanum tuberosum,Eastern Africa,East Africa,37212140.0,344136.0,354634.0,869.0,522.0,crop:harvested,121893.0,3101.0,25.0,7426184.0,"Official Agricultural Statistics, Kenya: Meru, Kenya (From 01/01/2013): All sectors (PS): R01510AB / Potato (Irish): Annual harvest: crop: crop:harvested: hectare",/SurveyIndicatorValue/CropProductionIndicatorValue/,/SurveyPopulationIndicator/CropProductionIndicator/,Public,2024-11-23T00:40:22,2024-11-23T00:40:22,2024-11-23T01:01:18,Published,2024-11-23T01:11:37,Ad Hoc,2018-12-31,"statistics.kilimo.go.ke_April_2024, Kenya",
36060,Kenya,"Ministry of Agricultural and Livestock Development, Kenya","Official Agricultural Statistics, Kenya","Meru, Kenya",Meru,KE2013A112,Kenya,Meru,,,,,All (PS),2017-12-01,2017-12-31,Annual harvest,Harvest,2017-01-01,Annual harvest 2017,,,,,,,,,Final Government Crop Production,,Crop Production,Area Harvested,Collected,678.0,1681594.0,0.000403188879123,Sweet Potatoes,KE,"Meru, Kenya (From 01/01/2013): All sectors (PS)",ha,hectare,R01591AA,Sweet potatoes,Eastern Africa,East Africa,37212012.0,344134.0,354632.0,869.0,522.0,crop:harvested,121893.0,3101.0,25.0,7426219.0,"Official Agricultural Statistics, Kenya: Meru, Kenya (From 01/01/2013): All sectors (PS): R01591AA / Sweet Potatoes: Annual harvest: crop: crop:harvested: hectare",/SurveyIndicatorValue/CropProductionIndicatorValue/,/SurveyPopulationIndicator/CropProductionIndicator/,Public,2024-11-23T00:40:19,2024-11-23T00:40:19,2024-11-23T01:01:18,Published,2024-11-23T01:11:37,Ad Hoc,2017-12-31,"statistics.kilimo.go.ke_April_2024, Kenya",
36072,Kenya,"Ministry of Agricultural and Livestock Development, Kenya","Official Agricultural Statistics, Kenya","Meru, Kenya",Meru,KE2013A112,Kenya,Meru,,,,,All (PS),2017-12-01,2017-12-31,Annual harvest,Harvest,2017-01-01,Annual harvest 2017,,,,,,,,,Final Government Crop Production,,Crop Production,Area Harvested,Collected,16509.0,1681594.0,0.0098174708044866,Potato (Irish),KE,"Meru, Kenya (From 01/01/2013): All sectors (PS)",ha,hectare,R01510AB,Solanum tuberosum,Eastern Africa,East Africa,37212013.0,344134.0,354632.0,869.0,522.0,crop:harvested,121893.0,3101.0,25.0,7426184.0,"Official Agricultural Statistics, Kenya: Meru, Kenya (From 01/01/2013): All sectors (PS): R01510AB / Potato (Irish): Annual harvest: crop: crop:harvested: hectare",/SurveyIndicatorValue/CropProductionIndicatorValue/,/SurveyPopulationIndicator/CropProductionIndicator/,Public,2024-11-23T00:40:19,2024-11-23T00:40:19,2024-11-23T01:01:18,Published,2024-11-23T01:11:37,Ad Hoc,2017-12-31,"statistics.kilimo.go.ke_April_2024, Kenya",
36083,Kenya,"Ministry of Agricultural and Livestock Development, Kenya","Official Agricultural Statistics, Kenya","Meru, Kenya",Meru,KE2013A112,Kenya,Meru,,,,,All (PS),2016-12-01,2016-12-31,Annual harvest,Harvest,2016-01-01,Annual harvest 2016,,,,,,,,,Final Government Crop Production,,Crop Production,Area Harvested,Collected,813.0,1647939.0,0.0004933435036126,Sweet Potatoes,KE,"Meru, Kenya (From 01/01/2013): All sectors (PS)",ha,hectare,R01591AA,Sweet potatoes,Eastern Africa,East Africa,37212030.0,344133.0,354631.0,869.0,522.0,crop:harvested,121893.0,3101.0,25.0,7426219.0,"Official Agricultural Statistics, Kenya: Meru, Kenya (From 01/01/2013): All sectors (PS): R01591AA / Sweet Potatoes: Annual harvest: crop: crop:harvested: hectare",/SurveyIndicatorValue/CropProductionIndicatorValue/,/SurveyPopulationIndicator/CropProductionIndicator/,Public,2024-11-23T00:40:20,2024-11-23T00:40:20,2024-11-23T01:01:18,Published,2024-11-23T01:11:37,Ad Hoc,2016-12-31,"statistics.kilimo.go.ke_April_2024, Kenya",
36096,Kenya,"Ministry of Agricultural and Livestock Development, Kenya","Official Agricultural Statistics, Kenya","Meru, Kenya",Meru,KE2013A112,Kenya,Meru,,,,,All (PS),2016-12-01,2016-12-31,Annual harvest,Harvest,2016-01-01,Annual harvest 2016,,,,,,,,,Final Government Crop Production,,Crop Production,Area Harvested,Collected,15447.0,1647939.0,0.0093735265686411,Potato (Irish),KE,"Meru, Kenya (From 01/01/2013): All sectors (PS)",ha,hectare,R01510AB,Solanum tuberosum,Eastern Africa,East Africa,37212704.0,344133.0,354631.0,869.0,522.0,crop:harvested,121893.0,3101.0,25.0,7426184.0,"Official Agricultural Statistics, Kenya: Meru, Kenya (From 01/01/2013): All sectors (PS): R01510AB / Potato (Irish): Annual harvest: crop: crop:harvested: hectare",/SurveyIndicatorValue/CropProductionIndicatorValue/,/SurveyPopulationIndicator/CropProductionIndicator/,Public,2024-11-23T00:40:36,2024-11-23T00:40:36,2024-11-23T01:01:18,Published,2024-11-23T01:11:37,Ad Hoc,2016-12-31,"statistics.kilimo.go.ke_April_2024, Kenya",
36108,Kenya,"Ministry of Agricultural and Livestock Development, Kenya","Official Agricultural Statistics, Kenya","Meru, Kenya",Meru,KE2013A112,Kenya,Meru,,,,,All (PS),2015-12-01,2015-12-31,Annual harvest,Harvest,2015-01-01,Annual harvest 2015,,,,,,,,,Final Government Crop Production,,Crop Production,Area Harvested,Collected,863.0,1616188.0,0.0005339725328984,Sweet Potatoes,KE,"Meru, Kenya (From 01/01/2013): All sectors (PS)",ha,hectare,R01591AA,Sweet potatoes,Eastern Africa,East Africa,37210913.0,344132.0,354630.0,869.0,522.0,crop:harvested,121893.0,3101.0,25.0,7426219.0,"Official Agricultural Statistics, Kenya: Meru, Kenya (From 01/01/2013): All sectors (PS): R01591AA / Sweet Potatoes: Annual harvest: crop: crop:harvested: hectare",/SurveyIndicatorValue/CropProductionIndicatorValue/,/SurveyPopulationIndicator/CropProductionIndicator/,Public,2024-11-23T00:39:52,2024-11-23T00:39:52,2024-11-23T01:01:18,Published,2024-11-23T01:11:37,Ad Hoc,2015-12-31,"statistics.kilimo.go.ke_April_2024, Kenya",
36119,Kenya,"Ministry of Agricultural and Livestock Development, Kenya","Official Agricultural Statistics, Kenya","Meru, Kenya",Meru,KE2013A112,Kenya,Meru,,,,,All (PS),2015-12-01,2015-12-31,Annual harvest,Harvest,2015-01-01,Annual harvest 2015,,,,,,,,,Final Government Crop Production,,Crop Production,Area Harvested,Collected,16120.0,1616188.0,0.0099740871730269,Potato (Irish),KE,"Meru, Kenya (From 01/01/2013): All sectors (PS)",ha,hectare,R01510AB,Solanum tuberosum,Eastern Africa,East Africa,37211962.0,344132.0,354630.0,869.0,522.0,crop:harvested,121893.0,3101.0,25.0,7426184.0,"Official Agricultural Statistics, Kenya: Meru, Kenya (From 01/01/2013): All sectors (PS): R01510AB / Potato (Irish): Annual harvest: crop: crop:harvested: hectare",/SurveyIndicatorValue/CropProductionIndicatorValue/,/SurveyPopulationIndicator/CropProductionIndicator/,Public,2024-11-23T00:40:18,2024-11-23T00:40:18,2024-11-23T01:01:18,Published,2024-11-23T01:11:37,Ad Hoc,2015-12-31,"statistics.kilimo.go.ke_April_2024, Kenya",
36134,Kenya,"Ministry of Agricultural and Livestock Development, Kenya","Official Agricultural Statistics, Kenya","Meru, Kenya",Meru,KE2013A112,Kenya,Meru,,,,,All (PS),2014-12-01,2014-12-31,Annual harvest,Harvest,2014-01-01,Annual harvest 2014,,,,,,,,,Final Government Crop Production,,Crop Production,Area Harvested,Collected,1230.0,1581883.0,0.0007775543450432,Sweet Potatoes,KE,"Meru, Kenya (From 01/01/2013): All sectors (PS)",ha,hectare,R01591AA,Sweet potatoes,Eastern Africa,East Africa,37212256.0,344131.0,354629.0,869.0,522.0,crop:harvested,121893.0,3101.0,25.0,7426219.0,"Official Agricultural Statistics, Kenya: Meru, Kenya (From 01/01/2013): All sectors (PS): R01591AA / Sweet Potatoes: Annual harvest: crop: crop:harvested: hectare",/SurveyIndicatorValue/CropProductionIndicatorValue/,/SurveyPopulationIndicator/CropProductionIndicator/,Public,2024-11-23T00:40:25,2024-11-23T00:40:25,2024-11-23T01:01:18,Published,2024-11-23T01:11:37,Ad Hoc,2014-12-31,"statistics.kilimo.go.ke_April_2024, Kenya",
36143,Kenya,"Ministry of Agricultural and Livestock Development, Kenya","Official Agricultural Statistics, Kenya","Meru, Kenya",Meru,KE2013A112,Kenya,Meru,,,,,All (PS),2014-12-01,2014-12-31,Annual harvest,Harvest,2014-01-01,Annual harvest 2014,,,,,,,,,Final Government Crop Production,,Crop Production,Area Harvested,Collected,14916.0,1581883.0,0.0094292687891582,Potato (Irish),KE,"Meru, Kenya (From 01/01/2013): All sectors (PS)",ha,hectare,R01510AB,Solanum tuberosum,Eastern Africa,East Africa,37211282.0,344131.0,354629.0,869.0,522.0,crop:harvested,121893.0,3101.0,25.0,7426184.0,"Official Agricultural Statistics, Kenya: Meru, Kenya (From 01/01/2013): All sectors (PS): R01510AB / Potato (Irish): Annual harvest: crop: crop:harvested: hectare",/SurveyIndicatorValue/CropProductionIndicatorValue/,/SurveyPopulationIndicator/CropProductionIndicator/,Public,2024-11-23T00:40:01,2024-11-23T00:40:01,2024-11-23T01:01:18,Published,2024-11-23T01:11:37,Ad Hoc,2014-12-31,"statistics.kilimo.go.ke_April_2024, Kenya",
36159,Kenya,"Ministry of Agricultural and Livestock Development, Kenya","Official Agricultural Statistics, Kenya","Meru, Kenya",Meru,KE2013A112,Kenya,Meru,,,,,All (PS),2013-12-01,2013-12-31,Annual harvest,Harvest,2013-01-01,Annual harvest 2013,,,,,,,,,Final Government Crop Production,,Crop Production,Area Harvested,Collected,1326.0,1544787.0,0.0008583707656783,Sweet Potatoes,KE,"Meru, Kenya (From 01/01/2013): All sectors (PS)",ha,hectare,R01591AA,Sweet potatoes,Eastern Africa,East Africa,37212168.0,344130.0,354628.0,869.0,522.0,crop:harvested,121893.0,3101.0,25.0,7426219.0,"Official Agricultural Statistics, Kenya: Meru, Kenya (From 01/01/2013): All sectors (PS): R01591AA / Sweet Potatoes: Annual harvest: crop: crop:harvested: hectare",/SurveyIndicatorValue/CropProductionIndicatorValue/,/SurveyPopulationIndicator/CropProductionIndicator/,Public,2024-11-23T00:40:23,2024-11-23T00:40:23,2024-11-23T01:01:18,Published,2024-11-23T01:11:37,Ad Hoc,2013-12-31,"statistics.kilimo.go.ke_April_2024, Kenya",
36169,Kenya,"Ministry of Agricultural and Livestock Development, Kenya","Official Agricultural Statistics, Kenya","Meru, Kenya",Meru,KE2013A112,Kenya,Meru,,,,,All (PS),2013-12-01,2013-12-31,Annual harvest,Harvest,2013-01-01,Annual harvest 2013,,,,,,,,,Final Government Crop Production,,Crop Production,Area Harvested,Collected,15240.0,1544787.0,0.0098654377593804,Potato (Irish),KE,"Meru, Kenya (From 01/01/2013): All sectors (PS)",ha,hectare,R01510AB,Solanum tuberosum,Eastern Africa,East Africa,37211298.0,344130.0,354628.0,869.0,522.0,crop:harvested,121893.0,3101.0,25.0,7426184.0,"Official Agricultural Statistics, Kenya: Meru, Kenya (From 01/01/2013): All sectors (PS): R01510AB / Potato (Irish): Annual harvest: crop: crop:harvested: hectare",/SurveyIndicatorValue/CropProductionIndicatorValue/,/SurveyPopulationIndicator/CropProductionIndicator/,Public,2024-11-23T00:40:01,2024-11-23T00:40:01,2024-11-23T01:01:18,Published,2024-11-23T01:11:37,Ad Hoc,2013-12-31,"statistics.kilimo.go.ke_April_2024, Kenya",
36180,Kenya,"Ministry of Agricultural and Livestock Development, Kenya","Official Agricultural Statistics, Kenya","Meru, Kenya",Meru,KE2013A112,Kenya,Meru,,,,,All (PS),2021-12-01,2021-12-31,Annual harvest,Harvest,2021-01-01,Annual harvest 2021,,,,,,,,,Final Government Crop Production,,Crop Production,Quantity Produced,Collected,7457.8,1775900.0,0.0041994481671265,Sweet Potatoes,KE,"Meru, Kenya (From 01/01/2013): All sectors (PS)",t,Tonne,R01591AA,Sweet potatoes,Eastern Africa,East Africa,37247655.0,344139.0,354637.0,869.0,522.0,crop:quantity,121893.0,3101.0,25.0,7432691.0,"Official Agricultural Statistics, Kenya: Meru, Kenya (From 01/01/2013): All sectors (PS): R01591AA / Sweet Potatoes: Annual harvest: crop: crop:quantity: Tonne",/SurveyIndicatorValue/CropProductionIndicatorValue/,/SurveyPopulationIndicator/CropProductionIndicator/,Public,2024-11-23T00:55:01,2024-11-23T00:55:01,2024-11-23T01:03:22,Published,2024-11-23T01:11:37,Ad Hoc,2021-12-31,"statistics.kilimo.go.ke_April_2024, Kenya",
36186,Kenya,"Ministry of Agricultural and Livestock Development, Kenya","Official Agricultural Statistics, Kenya","Meru, Kenya",Meru,KE2013A112,Kenya,Meru,,,,,All (PS),2021-12-01,2021-12-31,Annual harvest,Harvest,2021-01-01,Annual harvest 2021,,,,,,,,,Final Government Crop Production,,Crop Production,Quantity Produced,Collected,224746.8,1775900.0,0.1265537473956867,Potato (Irish),KE,"Meru, Kenya (From 01/01/2013): All sectors (PS)",t,Tonne,R01510AB,Solanum tuberosum,Eastern Africa,East Africa,37246636.0,344139.0,354637.0,869.0,522.0,crop:quantity,121893.0,3101.0,25.0,7432656.0,"Official Agricultural Statistics, Kenya: Meru, Kenya (From 01/01/2013): All sectors (PS): R01510AB / Potato (Irish): Annual harvest: crop: crop:quantity: Tonne",/SurveyIndicatorValue/CropProductionIndicatorValue/,/SurveyPopulationIndicator/CropProductionIndicator/,Public,2024-11-23T00:54:35,2024-11-23T00:54:35,2024-11-23T01:03:22,Published,2024-11-23T01:11:37,Ad Hoc,2021-12-31,"statistics.kilimo.go.ke_April_2024, Kenya",
36193,Kenya,"Ministry of Agricultural and Livestock Development, Kenya","Official Agricultural Statistics, Kenya","Meru, Kenya",Meru,KE2013A112,Kenya,Meru,,,,,All (PS),2020-12-01,2020-12-31,Annual harvest,Harvest,2020-01-01,Annual harvest 2020,,,,,,,,,Final Government Crop Production,,Crop Production,Quantity Produced,Collected,10314.0,1739408.0,0.0059296036352598,Sweet Potatoes,KE,"Meru, Kenya (From 01/01/2013): All sectors (PS)",t,Tonne,R01591AA,Sweet potatoes,Eastern Africa,East Africa,37247501.0,344138.0,354636.0,869.0,522.0,crop:quantity,121893.0,3101.0,25.0,7432691.0,"Official Agricultural Statistics, Kenya: Meru, Kenya (From 01/01/2013): All sectors (PS): R01591AA / Sweet Potatoes: Annual harvest: crop: crop:quantity: Tonne",/SurveyIndicatorValue/CropProductionIndicatorValue/,/SurveyPopulationIndicator/CropProductionIndicator/,Public,2024-11-23T00:54:57,2024-11-23T00:54:57,2024-11-23T01:03:22,Published,2024-11-23T01:11:37,Ad Hoc,2020-12-31,"statistics.kilimo.go.ke_April_2024, Kenya",
36200,Kenya,"Ministry of Agricultural and Livestock Development, Kenya","Official Agricultural Statistics, Kenya","Meru, Kenya",Meru,KE2013A112,Kenya,Meru,,,,,All (PS),2020-12-01,2020-12-31,Annual harvest,Harvest,2020-01-01,Annual harvest 2020,,,,,,,,,Final Government Crop Production,,Crop Production,Quantity Produced,Collected,141926.15,1739408.0,0.081594513765603,Potato (Irish),KE,"Meru, Kenya (From 01/01/2013): All sectors (PS)",t,Tonne,R01510AB,Solanum tuberosum,Eastern Africa,East Africa,37248134.0,344138.0,354636.0,869.0,522.0,crop:quantity,121893.0,3101.0,25.0,7432656.0,"Official Agricultural Statistics, Kenya: Meru, Kenya (From 01/01/2013): All sectors (PS): R01510AB / Potato (Irish): Annual harvest: crop: crop:quantity: Tonne",/SurveyIndicatorValue/CropProductionIndicatorValue/,/SurveyPopulationIndicator/CropProductionIndicator/,Public,2024-11-23T00:55:14,2024-11-23T00:55:14,2024-11-23T01:03:22,Published,2024-11-23T01:11:37,Ad Hoc,2020-12-31,"statistics.kilimo.go.ke_April_2024, Kenya",
36212,Kenya,"Ministry of Agricultural and Livestock Development, Kenya","Official Agricultural Statistics, Kenya","Meru, Kenya",Meru,KE2013A112,Kenya,Meru,,,,,All (PS),2019-12-01,2019-12-31,Annual harvest,Harvest,2019-01-01,Annual harvest 2019,,,,,,,,,Final Government Crop Production,,Crop Production,Quantity Produced,Collected,9697.8,1702347.0,0.00569672340598,Sweet Potatoes,KE,"Meru, Kenya (From 01/01/2013): All sectors (PS)",t,Tonne,R01591AA,Sweet potatoes,Eastern Africa,East Africa,37247588.0,344137.0,354635.0,869.0,522.0,crop:quantity,121893.0,3101.0,25.0,7432691.0,"Official Agricultural Statistics, Kenya: Meru, Kenya (From 01/01/2013): All sectors (PS): R01591AA / Sweet Potatoes: Annual harvest: crop: crop:quantity: Tonne",/SurveyIndicatorValue/CropProductionIndicatorValue/,/SurveyPopulationIndicator/CropProductionIndicator/,Public,2024-11-23T00:55:00,2024-11-23T00:55:00,2024-11-23T01:03:22,Published,2024-11-23T01:11:37,Ad Hoc,2019-12-31,"statistics.kilimo.go.ke_April_2024, Kenya",
36221,Kenya,"Ministry of Agricultural and Livestock Development, Kenya","Official Agricultural Statistics, Kenya","Meru, Kenya",Meru,KE2013A112,Kenya,Meru,,,,,All (PS),2019-12-01,2019-12-31,Annual harvest,Harvest,2019-01-01,Annual harvest 2019,,,,,,,,,Final Government Crop Production,,Crop Production,Quantity Produced,Collected,130184.75,1702347.0,0.0764736860346333,Potato (Irish),KE,"Meru, Kenya (From 01/01/2013): All sectors (PS)",t,Tonne,R01510AB,Solanum tuberosum,Eastern Africa,East Africa,37247989.0,344137.0,354635.0,869.0,522.0,crop:quantity,121893.0,3101.0,25.0,7432656.0,"Official Agricultural Statistics, Kenya: Meru, Kenya (From 01/01/2013): All sectors (PS): R01510AB / Potato (Irish): Annual harvest: crop: crop:quantity: Tonne",/SurveyIndicatorValue/CropProductionIndicatorValue/,/SurveyPopulationIndicator/CropProductionIndicator/,Public,2024-11-23T00:55:10,2024-11-23T00:55:10,2024-11-23T01:03:22,Published,2024-11-23T01:11:37,Ad Hoc,2019-12-31,"statistics.kilimo.go.ke_April_2024, Kenya",
36236,Kenya,"Ministry of Agricultural and Livestock Development, Kenya","Official Agricultural Statistics, Kenya","Meru, Kenya",Meru,KE2013A112,Kenya,Meru,,,,,All (PS),2018-12-01,2018-12-31,Annual harvest,Harvest,2018-01-01,Annual harvest 2018,,,,,,,,,Final Government Crop Production,,Crop Production,Quantity Produced,Collected,10133.1,1709200.0,0.0059285630704423,Sweet Potatoes,KE,"Meru, Kenya (From 01/01/2013): All sectors (PS)",t,Tonne,R01591AA,Sweet potatoes,Eastern Africa,East Africa,37247397.0,344136.0,354634.0,869.0,522.0,crop:quantity,121893.0,3101.0,25.0,7432691.0,"Official Agricultural Statistics, Kenya: Meru, Kenya (From 01/01/2013): All sectors (PS): R01591AA / Sweet Potatoes: Annual harvest: crop: crop:quantity: Tonne",/SurveyIndicatorValue/CropProductionIndicatorValue/,/SurveyPopulationIndicator/CropProductionIndicator/,Public,2024-11-23T00:54:55,2024-11-23T00:54:55,2024-11-23T01:03:22,Published,2024-11-23T01:11:37,Ad Hoc,2018-12-31,"statistics.kilimo.go.ke_April_2024, Kenya",
36243,Kenya,"Ministry of Agricultural and Livestock Development, Kenya","Official Agricultural Statistics, Kenya","Meru, Kenya",Meru,KE2013A112,Kenya,Meru,,,,,All (PS),2018-12-01,2018-12-31,Annual harvest,Harvest,2018-01-01,Annual harvest 2018,,,,,,,,,Final Government Crop Production,,Crop Production,Quantity Produced,Collected,130102.3,1709200.0,0.0761188275216475,Potato (Irish),KE,"Meru, Kenya (From 01/01/2013): All sectors (PS)",t,Tonne,R01510AB,Solanum tuberosum,Eastern Africa,East Africa,37247986.0,344136.0,354634.0,869.0,522.0,crop:quantity,121893.0,3101.0,25.0,7432656.0,"Official Agricultural Statistics, Kenya: Meru, Kenya (From 01/01/2013): All sectors (PS): R01510AB / Potato (Irish): Annual harvest: crop: crop:quantity: Tonne",/SurveyIndicatorValue/CropProductionIndicatorValue/,/SurveyPopulationIndicator/CropProductionIndicator/,Public,2024-11-23T00:55:10,2024-11-23T00:55:10,2024-11-23T01:03:22,Published,2024-11-23T01:11:37,Ad Hoc,2018-12-31,"statistics.kilimo.go.ke_April_2024, Kenya",
36258,Kenya,"Ministry of Agricultural and Livestock Development, Kenya","Official Agricultural Statistics, Kenya","Meru, Kenya",Meru,KE2013A112,Kenya,Meru,,,,,All (PS),2017-12-01,2017-12-31,Annual harvest,Harvest,2017-01-01,Annual harvest 2017,,,,,,,,,Final Government Crop Production,,Crop Production,Quantity Produced,Collected,5384.1,1681594.0,0.0032017835458499,Sweet Potatoes,KE,"Meru, Kenya (From 01/01/2013): All sectors (PS)",t,Tonne,R01591AA,Sweet potatoes,Eastern Africa,East Africa,37247858.0,344134.0,354632.0,869.0,522.0,crop:quantity,121893.0,3101.0,25.0,7432691.0,"Official Agricultural Statistics, Kenya: Meru, Kenya (From 01/01/2013): All sectors (PS): R01591AA / Sweet Potatoes: Annual harvest: crop: crop:quantity: Tonne",/SurveyIndicatorValue/CropProductionIndicatorValue/,/SurveyPopulationIndicator/CropProductionIndicator/,Public,2024-11-23T00:55:07,2024-11-23T00:55:07,2024-11-23T01:03:22,Published,2024-11-23T01:11:37,Ad Hoc,2017-12-31,"statistics.kilimo.go.ke_April_2024, Kenya",
36268,Kenya,"Ministry of Agricultural and Livestock Development, Kenya","Official Agricultural Statistics, Kenya","Meru, Kenya",Meru,KE2013A112,Kenya,Meru,,,,,All (PS),2017-12-01,2017-12-31,Annual harvest,Harvest,2017-01-01,Annual harvest 2017,,,,,,,,,Final Government Crop Production,,Crop Production,Quantity Produced,Collected,131028.4,1681594.0,0.0779191647924528,Potato (Irish),KE,"Meru, Kenya (From 01/01/2013): All sectors (PS)",t,Tonne,R01510AB,Solanum tuberosum,Eastern Africa,East Africa,37247859.0,344134.0,354632.0,869.0,522.0,crop:quantity,121893.0,3101.0,25.0,7432656.0,"Official Agricultural Statistics, Kenya: Meru, Kenya (From 01/01/2013): All sectors (PS): R01510AB / Potato (Irish): Annual harvest: crop: crop:quantity: Tonne",/SurveyIndicatorValue/CropProductionIndicatorValue/,/SurveyPopulationIndicator/CropProductionIndicator/,Public,2024-11-23T00:55:07,2024-11-23T00:55:07,2024-11-23T01:03:22,Published,2024-11-23T01:11:37,Ad Hoc,2017-12-31,"statistics.kilimo.go.ke_April_2024, Kenya",
36280,Kenya,"Ministry of Agricultural and Livestock Development, Kenya","Official Agricultural Statistics, Kenya","Meru, Kenya",Meru,KE2013A112,Kenya,Meru,,,,,All (PS),2016-12-01,2016-12-31,Annual harvest,Harvest,2016-01-01,Annual harvest 2016,,,,,,,,,Final Government Crop Production,,Crop Production,Quantity Produced,Collected,6395.0,1647939.0,0.0038806048039399,Sweet Potatoes,KE,"Meru, Kenya (From 01/01/2013): All sectors (PS)",t,Tonne,R01591AA,Sweet potatoes,Eastern Africa,East Africa,37247876.0,344133.0,354631.0,869.0,522.0,crop:quantity,121893.0,3101.0,25.0,7432691.0,"Official Agricultural Statistics, Kenya: Meru, Kenya (From 01/01/2013): All sectors (PS): R01591AA / Sweet Potatoes: Annual harvest: crop: crop:quantity: Tonne",/SurveyIndicatorValue/CropProductionIndicatorValue/,/SurveyPopulationIndicator/CropProductionIndicator/,Public,2024-11-23T00:55:07,2024-11-23T00:55:07,2024-11-23T01:03:22,Published,2024-11-23T01:11:37,Ad Hoc,2016-12-31,"statistics.kilimo.go.ke_April_2024, Kenya",
36289,Kenya,"Ministry of Agricultural and Livestock Development, Kenya","Official Agricultural Statistics, Kenya","Meru, Kenya",Meru,KE2013A112,Kenya,Meru,,,,,All (PS),2016-12-01,2016-12-31,Annual harvest,Harvest,2016-01-01,Annual harvest 2016,,,,,,,,,Final Government Crop Production,,Crop Production,Quantity Produced,Collected,80608.0,1647939.0,0.0489144319055499,Potato (Irish),KE,"Meru, Kenya (From 01/01/2013): All sectors (PS)",t,Tonne,R01510AB,Solanum tuberosum,Eastern Africa,East Africa,37248550.0,344133.0,354631.0,869.0,522.0,crop:quantity,121893.0,3101.0,25.0,7432656.0,"Official Agricultural Statistics, Kenya: Meru, Kenya (From 01/01/2013): All sectors (PS): R01510AB / Potato (Irish): Annual harvest: crop: crop:quantity: Tonne",/SurveyIndicatorValue/CropProductionIndicatorValue/,/SurveyPopulationIndicator/CropProductionIndicator/,Public,2024-11-23T00:55:24,2024-11-23T00:55:24,2024-11-23T01:03:22,Published,2024-11-23T01:11:37,Ad Hoc,2016-12-31,"statistics.kilimo.go.ke_April_2024, Kenya",
36304,Kenya,"Ministry of Agricultural and Livestock Development, Kenya","Official Agricultural Statistics, Kenya","Meru, Kenya",Meru,KE2013A112,Kenya,Meru,,,,,All (PS),2015-12-01,2015-12-31,Annual harvest,Harvest,2015-01-01,Annual harvest 2015,,,,,,,,,Final Government Crop Production,,Crop Production,Quantity Produced,Collected,10508.0,1616188.0,0.0065017188594396,Sweet Potatoes,KE,"Meru, Kenya (From 01/01/2013): All sectors (PS)",t,Tonne,R01591AA,Sweet potatoes,Eastern Africa,East Africa,37246759.0,344132.0,354630.0,869.0,522.0,crop:quantity,121893.0,3101.0,25.0,7432691.0,"Official Agricultural Statistics, Kenya: Meru, Kenya (From 01/01/2013): All sectors (PS): R01591AA / Sweet Potatoes: Annual harvest: crop: crop:quantity: Tonne",/SurveyIndicatorValue/CropProductionIndicatorValue/,/SurveyPopulationIndicator/CropProductionIndicator/,Public,2024-11-23T00:54:38,2024-11-23T00:54:38,2024-11-23T01:03:22,Published,2024-11-23T01:11:37,Ad Hoc,2015-12-31,"statistics.kilimo.go.ke_April_2024, Kenya",
36314,Kenya,"Ministry of Agricultural and Livestock Development, Kenya","Official Agricultural Statistics, Kenya","Meru, Kenya",Meru,KE2013A112,Kenya,Meru,,,,,All (PS),2015-12-01,2015-12-31,Annual harvest,Harvest,2015-01-01,Annual harvest 2015,,,,,,,,,Final Government Crop Production,,Crop Production,Quantity Produced,Collected,129047.0,1616188.0,0.0798465277554344,Potato (Irish),KE,"Meru, Kenya (From 01/01/2013): All sectors (PS)",t,Tonne,R01510AB,Solanum tuberosum,Eastern Africa,East Africa,37247808.0,344132.0,354630.0,869.0,522.0,crop:quantity,121893.0,3101.0,25.0,7432656.0,"Official Agricultural Statistics, Kenya: Meru, Kenya (From 01/01/2013): All sectors (PS): R01510AB / Potato (Irish): Annual harvest: crop: crop:quantity: Tonne",/SurveyIndicatorValue/CropProductionIndicatorValue/,/SurveyPopulationIndicator/CropProductionIndicator/,Public,2024-11-23T00:55:05,2024-11-23T00:55:05,2024-11-23T01:03:22,Published,2024-11-23T01:11:37,Ad Hoc,2015-12-31,"statistics.kilimo.go.ke_April_2024, Kenya",
36330,Kenya,"Ministry of Agricultural and Livestock Development, Kenya","Official Agricultural Statistics, Kenya","Meru, Kenya",Meru,KE2013A112,Kenya,Meru,,,,,All (PS),2014-12-01,2014-12-31,Annual harvest,Harvest,2014-01-01,Annual harvest 2014,,,,,,,,,Final Government Crop Production,,Crop Production,Quantity Produced,Collected,8518.0,1581883.0,0.0053847218789253,Sweet Potatoes,KE,"Meru, Kenya (From 01/01/2013): All sectors (PS)",t,Tonne,R01591AA,Sweet potatoes,Eastern Africa,East Africa,37248102.0,344131.0,354629.0,869.0,522.0,crop:quantity,121893.0,3101.0,25.0,7432691.0,"Official Agricultural Statistics, Kenya: Meru, Kenya (From 01/01/2013): All sectors (PS): R01591AA / Sweet Potatoes: Annual harvest: crop: crop:quantity: Tonne",/SurveyIndicatorValue/CropProductionIndicatorValue/,/SurveyPopulationIndicator/CropProductionIndicator/,Public,2024-11-23T00:55:13,2024-11-23T00:55:13,2024-11-23T01:03:22,Published,2024-11-23T01:11:37,Ad Hoc,2014-12-31,"statistics.kilimo.go.ke_April_2024, Kenya",
36338,Kenya,"Ministry of Agricultural and Livestock Development, Kenya","Official Agricultural Statistics, Kenya","Meru, Kenya",Meru,KE2013A112,Kenya,Meru,,,,,All (PS),2014-12-01,2014-12-31,Annual harvest,Harvest,2014-01-01,Annual harvest 2014,,,,,,,,,Final Government Crop Production,,Crop Production,Quantity Produced,Collected,157503.5,1581883.0,0.0995670981987922,Potato (Irish),KE,"Meru, Kenya (From 01/01/2013): All sectors (PS)",t,Tonne,R01510AB,Solanum tuberosum,Eastern Africa,East Africa,37247128.0,344131.0,354629.0,869.0,522.0,crop:quantity,121893.0,3101.0,25.0,7432656.0,"Official Agricultural Statistics, Kenya: Meru, Kenya (From 01/01/2013): All sectors (PS): R01510AB / Potato (Irish): Annual harvest: crop: crop:quantity: Tonne",/SurveyIndicatorValue/CropProductionIndicatorValue/,/SurveyPopulationIndicator/CropProductionIndicator/,Public,2024-11-23T00:54:48,2024-11-23T00:54:48,2024-11-23T01:03:22,Published,2024-11-23T01:11:37,Ad Hoc,2014-12-31,"statistics.kilimo.go.ke_April_2024, Kenya",
36356,Kenya,"Ministry of Agricultural and Livestock Development, Kenya","Official Agricultural Statistics, Kenya","Meru, Kenya",Meru,KE2013A112,Kenya,Meru,,,,,All (PS),2013-12-01,2013-12-31,Annual harvest,Harvest,2013-01-01,Annual harvest 2013,,,,,,,,,Final Government Crop Production,,Crop Production,Quantity Produced,Collected,9714.0,1544787.0,0.0062882455639515,Sweet Potatoes,KE,"Meru, Kenya (From 01/01/2013): All sectors (PS)",t,Tonne,R01591AA,Sweet potatoes,Eastern Africa,East Africa,37248014.0,344130.0,354628.0,869.0,522.0,crop:quantity,121893.0,3101.0,25.0,7432691.0,"Official Agricultural Statistics, Kenya: Meru, Kenya (From 01/01/2013): All sectors (PS): R01591AA / Sweet Potatoes: Annual harvest: crop: crop:quantity: Tonne",/SurveyIndicatorValue/CropProductionIndicatorValue/,/SurveyPopulationIndicator/CropProductionIndicator/,Public,2024-11-23T00:55:11,2024-11-23T00:55:11,2024-11-23T01:03:22,Published,2024-11-23T01:11:37,Ad Hoc,2013-12-31,"statistics.kilimo.go.ke_April_2024, Kenya",
36365,Kenya,"Ministry of Agricultural and Livestock Development, Kenya","Official Agricultural Statistics, Kenya","Meru, Kenya",Meru,KE2013A112,Kenya,Meru,,,,,All (PS),2013-12-01,2013-12-31,Annual harvest,Harvest,2013-01-01,Annual harvest 2013,,,,,,,,,Final Government Crop Production,,Crop Production,Quantity Produced,Collected,159539.0,1544787.0,0.1032757266859444,Potato (Irish),KE,"Meru, Kenya (From 01/01/2013): All sectors (PS)",t,Tonne,R01510AB,Solanum tuberosum,Eastern Africa,East Africa,37247144.0,344130.0,354628.0,869.0,522.0,crop:quantity,121893.0,3101.0,25.0,7432656.0,"Official Agricultural Statistics, Kenya: Meru, Kenya (From 01/01/2013): All sectors (PS): R01510AB / Potato (Irish): Annual harvest: crop: crop:quantity: Tonne",/SurveyIndicatorValue/CropProductionIndicatorValue/,/SurveyPopulationIndicator/CropProductionIndicator/,Public,2024-11-23T00:54:48,2024-11-23T00:54:48,2024-11-23T01:03:22,Published,2024-11-23T01:11:37,Ad Hoc,2013-12-31,"statistics.kilimo.go.ke_April_2024, Kenya",
36379,Kenya,"Ministry of Agricultural and Livestock Development, Kenya","Official Agricultural Statistics, Kenya","Meru, Kenya",Meru,KE2013A112,Kenya,Meru,,,,,All (PS),2021-12-01,2021-12-31,Annual harvest,Harvest,2021-01-01,Annual harvest 2021,,,,,,,,,Final Government Crop Production,,Crop Production,Yield,Collected,8.621734104046244,1775900.0,4.85485337240061e-06,Sweet Potatoes,KE,"Meru, Kenya (From 01/01/2013): All sectors (PS)",MT/ha,tonnes per hectare,R01591AA,Sweet potatoes,Eastern Africa,East Africa,37229732.0,344139.0,354637.0,869.0,522.0,crop:yield,121893.0,3101.0,25.0,7429455.0,"Official Agricultural Statistics, Kenya: Meru, Kenya (From 01/01/2013): All sectors (PS): R01591AA / Sweet Potatoes: Annual harvest: crop: crop:yield: tonnes per hectare",/SurveyIndicatorValue/CropProductionIndicatorValue/,/SurveyPopulationIndicator/CropProductionIndicator/,Public,2024-11-23T00:47:15,2024-11-23T00:47:15,2024-11-23T01:02:00,Published,2024-11-23T01:11:37,Ad Hoc,2021-12-31,"statistics.kilimo.go.ke_April_2024, Kenya",
36380,Kenya,"Ministry of Agricultural and Livestock Development, Kenya","Official Agricultural Statistics, Kenya","Meru, Kenya",Meru,KE2013A112,Kenya,Meru,,,,,All (PS),2021-12-01,2021-12-31,Annual harvest,Harvest,2021-01-01,Annual harvest 2021,,,,,,,,,Final Government Crop Production,,Crop Production,Yield,Collected,12.922424103035878,1775900.0,7.276549413275453e-06,Potato (Irish),KE,"Meru, Kenya (From 01/01/2013): All sectors (PS)",MT/ha,tonnes per hectare,R01510AB,Solanum tuberosum,Eastern Africa,East Africa,37228713.0,344139.0,354637.0,869.0,522.0,crop:yield,121893.0,3101.0,25.0,7429420.0,"Official Agricultural Statistics, Kenya: Meru, Kenya (From 01/01/2013): All sectors (PS): R01510AB / Potato (Irish): Annual harvest: crop: crop:yield: tonnes per hectare",/SurveyIndicatorValue/CropProductionIndicatorValue/,/SurveyPopulationIndicator/CropProductionIndicator/,Public,2024-11-23T00:46:47,2024-11-23T00:46:47,2024-11-23T01:02:00,Published,2024-11-23T01:11:37,Ad Hoc,2021-12-31,"statistics.kilimo.go.ke_April_2024, Kenya",
36391,Kenya,"Ministry of Agricultural and Livestock Development, Kenya","Official Agricultural Statistics, Kenya","Meru, Kenya",Meru,KE2013A112,Kenya,Meru,,,,,All (PS),2020-12-01,2020-12-31,Annual harvest,Harvest,2020-01-01,Annual harvest 2020,,,,,,,,,Final Government Crop Production,,Crop Production,Yield,Collected,6.7529857066727565,1739408.0,3.882347158730302e-06,Potato (Irish),KE,"Meru, Kenya (From 01/01/2013): All sectors (PS)",MT/ha,tonnes per hectare,R01510AB,Solanum tuberosum,Eastern Africa,East Africa,37230211.0,344138.0,354636.0,869.0,522.0,crop:yield,121893.0,3101.0,25.0,7429420.0,"Official Agricultural Statistics, Kenya: Meru, Kenya (From 01/01/2013): All sectors (PS): R01510AB / Potato (Irish): Annual harvest: crop: crop:yield: tonnes per hectare",/SurveyIndicatorValue/CropProductionIndicatorValue/,/SurveyPopulationIndicator/CropProductionIndicator/,Public,2024-11-23T00:47:27,2024-11-23T00:47:27,2024-11-23T01:02:17,Published,2024-11-23T01:11:37,Ad Hoc,2020-12-31,"statistics.kilimo.go.ke_April_2024, Kenya",
36394,Kenya,"Ministry of Agricultural and Livestock Development, Kenya","Official Agricultural Statistics, Kenya","Meru, Kenya",Meru,KE2013A112,Kenya,Meru,,,,,All (PS),2020-12-01,2020-12-31,Annual harvest,Harvest,2020-01-01,Annual harvest 2020,,,,,,,,,Final Government Crop Production,,Crop Production,Yield,Collected,9.225402504472273,1739408.0,5.303759959981943e-06,Sweet Potatoes,KE,"Meru, Kenya (From 01/01/2013): All sectors (PS)",MT/ha,tonnes per hectare,R01591AA,Sweet potatoes,Eastern Africa,East Africa,37229578.0,344138.0,354636.0,869.0,522.0,crop:yield,121893.0,3101.0,25.0,7429455.0,"Official Agricultural Statistics, Kenya: Meru, Kenya (From 01/01/2013): All sectors (PS): R01591AA / Sweet Potatoes: Annual harvest: crop: crop:yield: tonnes per hectare",/SurveyIndicatorValue/CropProductionIndicatorValue/,/SurveyPopulationIndicator/CropProductionIndicator/,Public,2024-11-23T00:47:11,2024-11-23T00:47:11,2024-11-23T01:02:00,Published,2024-11-23T01:11:37,Ad Hoc,2020-12-31,"statistics.kilimo.go.ke_April_2024, Kenya",
36406,Kenya,"Ministry of Agricultural and Livestock Development, Kenya","Official Agricultural Statistics, Kenya","Meru, Kenya",Meru,KE2013A112,Kenya,Meru,,,,,All (PS),2019-12-01,2019-12-31,Annual harvest,Harvest,2019-01-01,Annual harvest 2019,,,,,,,,,Final Government Crop Production,,Crop Production,Yield,Collected,7.464507898282733,1702347.0,4.3848333496535855e-06,Potato (Irish),KE,"Meru, Kenya (From 01/01/2013): All sectors (PS)",MT/ha,tonnes per hectare,R01510AB,Solanum tuberosum,Eastern Africa,East Africa,37230066.0,344137.0,354635.0,869.0,522.0,crop:yield,121893.0,3101.0,25.0,7429420.0,"Official Agricultural Statistics, Kenya: Meru, Kenya (From 01/01/2013): All sectors (PS): R01510AB / Potato (Irish): Annual harvest: crop: crop:yield: tonnes per hectare",/SurveyIndicatorValue/CropProductionIndicatorValue/,/SurveyPopulationIndicator/CropProductionIndicator/,Public,2024-11-23T00:47:23,2024-11-23T00:47:23,2024-11-23T01:02:00,Published,2024-11-23T01:11:37,Ad Hoc,2019-12-31,"statistics.kilimo.go.ke_April_2024, Kenya",
36407,Kenya,"Ministry of Agricultural and Livestock Development, Kenya","Official Agricultural Statistics, Kenya","Meru, Kenya",Meru,KE2013A112,Kenya,Meru,,,,,All (PS),2019-12-01,2019-12-31,Annual harvest,Harvest,2019-01-01,Annual harvest 2019,,,,,,,,,Final Government Crop Production,,Crop Production,Yield,Collected,8.872644098810612,1702347.0,5.212006775828085e-06,Sweet Potatoes,KE,"Meru, Kenya (From 01/01/2013): All sectors (PS)",MT/ha,tonnes per hectare,R01591AA,Sweet potatoes,Eastern Africa,East Africa,37229665.0,344137.0,354635.0,869.0,522.0,crop:yield,121893.0,3101.0,25.0,7429455.0,"Official Agricultural Statistics, Kenya: Meru, Kenya (From 01/01/2013): All sectors (PS): R01591AA / Sweet Potatoes: Annual harvest: crop: crop:yield: tonnes per hectare",/SurveyIndicatorValue/CropProductionIndicatorValue/,/SurveyPopulationIndicator/CropProductionIndicator/,Public,2024-11-23T00:47:13,2024-11-23T00:47:13,2024-11-23T01:02:00,Published,2024-11-23T01:11:37,Ad Hoc,2019-12-31,"statistics.kilimo.go.ke_April_2024, Kenya",
36428,Kenya,"Ministry of Agricultural and Livestock Development, Kenya","Official Agricultural Statistics, Kenya","Meru, Kenya",Meru,KE2013A112,Kenya,Meru,,,,,All (PS),2018-12-01,2018-12-31,Annual harvest,Harvest,2018-01-01,Annual harvest 2018,,,,,,,,,Final Government Crop Production,,Crop Production,Yield,Collected,7.471346943463405,1709200.0,4.3712537698709365e-06,Potato (Irish),KE,"Meru, Kenya (From 01/01/2013): All sectors (PS)",MT/ha,tonnes per hectare,R01510AB,Solanum tuberosum,Eastern Africa,East Africa,37230063.0,344136.0,354634.0,869.0,522.0,crop:yield,121893.0,3101.0,25.0,7429420.0,"Official Agricultural Statistics, Kenya: Meru, Kenya (From 01/01/2013): All sectors (PS): R01510AB / Potato (Irish): Annual harvest: crop: crop:yield: tonnes per hectare",/SurveyIndicatorValue/CropProductionIndicatorValue/,/SurveyPopulationIndicator/CropProductionIndicator/,Public,2024-11-23T00:47:23,2024-11-23T00:47:23,2024-11-23T01:02:00,Published,2024-11-23T01:11:37,Ad Hoc,2018-12-31,"statistics.kilimo.go.ke_April_2024, Kenya",
36430,Kenya,"Ministry of Agricultural and Livestock Development, Kenya","Official Agricultural Statistics, Kenya","Meru, Kenya",Meru,KE2013A112,Kenya,Meru,,,,,All (PS),2018-12-01,2018-12-31,Annual harvest,Harvest,2018-01-01,Annual harvest 2018,,,,,,,,,Final Government Crop Production,,Crop Production,Yield,Collected,9.682847587195411,1709200.0,5.665134324359591e-06,Sweet Potatoes,KE,"Meru, Kenya (From 01/01/2013): All sectors (PS)",MT/ha,tonnes per hectare,R01591AA,Sweet potatoes,Eastern Africa,East Africa,37229474.0,344136.0,354634.0,869.0,522.0,crop:yield,121893.0,3101.0,25.0,7429455.0,"Official Agricultural Statistics, Kenya: Meru, Kenya (From 01/01/2013): All sectors (PS): R01591AA / Sweet Potatoes: Annual harvest: crop: crop:yield: tonnes per hectare",/SurveyIndicatorValue/CropProductionIndicatorValue/,/SurveyPopulationIndicator/CropProductionIndicator/,Public,2024-11-23T00:47:08,2024-11-23T00:47:08,2024-11-23T01:02:00,Published,2024-11-23T01:11:37,Ad Hoc,2018-12-31,"statistics.kilimo.go.ke_April_2024, Kenya",
36451,Kenya,"Ministry of Agricultural and Livestock Development, Kenya","Official Agricultural Statistics, Kenya","Meru, Kenya",Meru,KE2013A112,Kenya,Meru,,,,,All (PS),2017-12-01,2017-12-31,Annual harvest,Harvest,2017-01-01,Annual harvest 2017,,,,,,,,,Final Government Crop Production,,Crop Production,Yield,Collected,7.936785995517596,1681594.0,4.719799187864369e-06,Potato (Irish),KE,"Meru, Kenya (From 01/01/2013): All sectors (PS)",MT/ha,tonnes per hectare,R01510AB,Solanum tuberosum,Eastern Africa,East Africa,37229936.0,344134.0,354632.0,869.0,522.0,crop:yield,121893.0,3101.0,25.0,7429420.0,"Official Agricultural Statistics, Kenya: Meru, Kenya (From 01/01/2013): All sectors (PS): R01510AB / Potato (Irish): Annual harvest: crop: crop:yield: tonnes per hectare",/SurveyIndicatorValue/CropProductionIndicatorValue/,/SurveyPopulationIndicator/CropProductionIndicator/,Public,2024-11-23T00:47:20,2024-11-23T00:47:20,2024-11-23T01:02:00,Published,2024-11-23T01:11:37,Ad Hoc,2017-12-31,"statistics.kilimo.go.ke_April_2024, Kenya",
36452,Kenya,"Ministry of Agricultural and Livestock Development, Kenya","Official Agricultural Statistics, Kenya","Meru, Kenya",Meru,KE2013A112,Kenya,Meru,,,,,All (PS),2017-12-01,2017-12-31,Annual harvest,Harvest,2017-01-01,Annual harvest 2017,,,,,,,,,Final Government Crop Production,,Crop Production,Yield,Collected,7.941150442477877,1681594.0,4.722394610398156e-06,Sweet Potatoes,KE,"Meru, Kenya (From 01/01/2013): All sectors (PS)",MT/ha,tonnes per hectare,R01591AA,Sweet potatoes,Eastern Africa,East Africa,37229935.0,344134.0,354632.0,869.0,522.0,crop:yield,121893.0,3101.0,25.0,7429455.0,"Official Agricultural Statistics, Kenya: Meru, Kenya (From 01/01/2013): All sectors (PS): R01591AA / Sweet Potatoes: Annual harvest: crop: crop:yield: tonnes per hectare",/SurveyIndicatorValue/CropProductionIndicatorValue/,/SurveyPopulationIndicator/CropProductionIndicator/,Public,2024-11-23T00:47:20,2024-11-23T00:47:20,2024-11-23T01:02:00,Published,2024-11-23T01:11:37,Ad Hoc,2017-12-31,"statistics.kilimo.go.ke_April_2024, Kenya",
36474,Kenya,"Ministry of Agricultural and Livestock Development, Kenya","Official Agricultural Statistics, Kenya","Meru, Kenya",Meru,KE2013A112,Kenya,Meru,,,,,All (PS),2016-12-01,2016-12-31,Annual harvest,Harvest,2016-01-01,Annual harvest 2016,,,,,,,,,Final Government Crop Production,,Crop Production,Yield,Collected,5.218359552016572,1647939.0,3.1665975209134397e-06,Potato (Irish),KE,"Meru, Kenya (From 01/01/2013): All sectors (PS)",MT/ha,tonnes per hectare,R01510AB,Solanum tuberosum,Eastern Africa,East Africa,37230627.0,344133.0,354631.0,869.0,522.0,crop:yield,121893.0,3101.0,25.0,7429420.0,"Official Agricultural Statistics, Kenya: Meru, Kenya (From 01/01/2013): All sectors (PS): R01510AB / Potato (Irish): Annual harvest: crop: crop:yield: tonnes per hectare",/SurveyIndicatorValue/CropProductionIndicatorValue/,/SurveyPopulationIndicator/CropProductionIndicator/,Public,2024-11-23T00:47:37,2024-11-23T00:47:37,2024-11-23T01:02:17,Published,2024-11-23T01:11:37,Ad Hoc,2016-12-31,"statistics.kilimo.go.ke_April_2024, Kenya",
36475,Kenya,"Ministry of Agricultural and Livestock Development, Kenya","Official Agricultural Statistics, Kenya","Meru, Kenya",Meru,KE2013A112,Kenya,Meru,,,,,All (PS),2016-12-01,2016-12-31,Annual harvest,Harvest,2016-01-01,Annual harvest 2016,,,,,,,,,Final Government Crop Production,,Crop Production,Yield,Collected,7.865928659286593,1647939.0,4.773191640762548e-06,Sweet Potatoes,KE,"Meru, Kenya (From 01/01/2013): All sectors (PS)",MT/ha,tonnes per hectare,R01591AA,Sweet potatoes,Eastern Africa,East Africa,37229953.0,344133.0,354631.0,869.0,522.0,crop:yield,121893.0,3101.0,25.0,7429455.0,"Official Agricultural Statistics, Kenya: Meru, Kenya (From 01/01/2013): All sectors (PS): R01591AA / Sweet Potatoes: Annual harvest: crop: crop:yield: tonnes per hectare",/SurveyIndicatorValue/CropProductionIndicatorValue/,/SurveyPopulationIndicator/CropProductionIndicator/,Public,2024-11-23T00:47:20,2024-11-23T00:47:20,2024-11-23T01:02:00,Published,2024-11-23T01:11:37,Ad Hoc,2016-12-31,"statistics.kilimo.go.ke_April_2024, Kenya",
36495,Kenya,"Ministry of Agricultural and Livestock Development, Kenya","Official Agricultural Statistics, Kenya","Meru, Kenya",Meru,KE2013A112,Kenya,Meru,,,,,All (PS),2015-12-01,2015-12-31,Annual harvest,Harvest,2015-01-01,Annual harvest 2015,,,,,,,,,Final Government Crop Production,,Crop Production,Yield,Collected,8.005397022332506,1616188.0,4.953258545622481e-06,Potato (Irish),KE,"Meru, Kenya (From 01/01/2013): All sectors (PS)",MT/ha,tonnes per hectare,R01510AB,Solanum tuberosum,Eastern Africa,East Africa,37229885.0,344132.0,354630.0,869.0,522.0,crop:yield,121893.0,3101.0,25.0,7429420.0,"Official Agricultural Statistics, Kenya: Meru, Kenya (From 01/01/2013): All sectors (PS): R01510AB / Potato (Irish): Annual harvest: crop: crop:yield: tonnes per hectare",/SurveyIndicatorValue/CropProductionIndicatorValue/,/SurveyPopulationIndicator/CropProductionIndicator/,Public,2024-11-23T00:47:18,2024-11-23T00:47:18,2024-11-23T01:02:00,Published,2024-11-23T01:11:37,Ad Hoc,2015-12-31,"statistics.kilimo.go.ke_April_2024, Kenya",
36500,Kenya,"Ministry of Agricultural and Livestock Development, Kenya","Official Agricultural Statistics, Kenya","Meru, Kenya",Meru,KE2013A112,Kenya,Meru,,,,,All (PS),2015-12-01,2015-12-31,Annual harvest,Harvest,2015-01-01,Annual harvest 2015,,,,,,,,,Final Government Crop Production,,Crop Production,Yield,Collected,12.176129779837774,1616188.0,7.53385731105402e-06,Sweet Potatoes,KE,"Meru, Kenya (From 01/01/2013): All sectors (PS)",MT/ha,tonnes per hectare,R01591AA,Sweet potatoes,Eastern Africa,East Africa,37228836.0,344132.0,354630.0,869.0,522.0,crop:yield,121893.0,3101.0,25.0,7429455.0,"Official Agricultural Statistics, Kenya: Meru, Kenya (From 01/01/2013): All sectors (PS): R01591AA / Sweet Potatoes: Annual harvest: crop: crop:yield: tonnes per hectare",/SurveyIndicatorValue/CropProductionIndicatorValue/,/SurveyPopulationIndicator/CropProductionIndicator/,Public,2024-11-23T00:46:50,2024-11-23T00:46:50,2024-11-23T01:02:00,Published,2024-11-23T01:11:37,Ad Hoc,2015-12-31,"statistics.kilimo.go.ke_April_2024, Kenya",
36518,Kenya,"Ministry of Agricultural and Livestock Development, Kenya","Official Agricultural Statistics, Kenya","Meru, Kenya",Meru,KE2013A112,Kenya,Meru,,,,,All (PS),2014-12-01,2014-12-31,Annual harvest,Harvest,2014-01-01,Annual harvest 2014,,,,,,,,,Final Government Crop Production,,Crop Production,Yield,Collected,6.92520325203252,1581883.0,4.377822665792932e-06,Sweet Potatoes,KE,"Meru, Kenya (From 01/01/2013): All sectors (PS)",MT/ha,tonnes per hectare,R01591AA,Sweet potatoes,Eastern Africa,East Africa,37230179.0,344131.0,354629.0,869.0,522.0,crop:yield,121893.0,3101.0,25.0,7429455.0,"Official Agricultural Statistics, Kenya: Meru, Kenya (From 01/01/2013): All sectors (PS): R01591AA / Sweet Potatoes: Annual harvest: crop: crop:yield: tonnes per hectare",/SurveyIndicatorValue/CropProductionIndicatorValue/,/SurveyPopulationIndicator/CropProductionIndicator/,Public,2024-11-23T00:47:26,2024-11-23T00:47:26,2024-11-23T01:02:17,Published,2024-11-23T01:11:37,Ad Hoc,2014-12-31,"statistics.kilimo.go.ke_April_2024, Kenya",
36522,Kenya,"Ministry of Agricultural and Livestock Development, Kenya","Official Agricultural Statistics, Kenya","Meru, Kenya",Meru,KE2013A112,Kenya,Meru,,,,,All (PS),2014-12-01,2014-12-31,Annual harvest,Harvest,2014-01-01,Annual harvest 2014,,,,,,,,,Final Government Crop Production,,Crop Production,Yield,Collected,10.559365781710914,1581883.0,6.675187597130075e-06,Potato (Irish),KE,"Meru, Kenya (From 01/01/2013): All sectors (PS)",MT/ha,tonnes per hectare,R01510AB,Solanum tuberosum,Eastern Africa,East Africa,37229205.0,344131.0,354629.0,869.0,522.0,crop:yield,121893.0,3101.0,25.0,7429420.0,"Official Agricultural Statistics, Kenya: Meru, Kenya (From 01/01/2013): All sectors (PS): R01510AB / Potato (Irish): Annual harvest: crop: crop:yield: tonnes per hectare",/SurveyIndicatorValue/CropProductionIndicatorValue/,/SurveyPopulationIndicator/CropProductionIndicator/,Public,2024-11-23T00:47:00,2024-11-23T00:47:00,2024-11-23T01:02:00,Published,2024-11-23T01:11:37,Ad Hoc,2014-12-31,"statistics.kilimo.go.ke_April_2024, Kenya",
36545,Kenya,"Ministry of Agricultural and Livestock Development, Kenya","Official Agricultural Statistics, Kenya","Meru, Kenya",Meru,KE2013A112,Kenya,Meru,,,,,All (PS),2013-12-01,2013-12-31,Annual harvest,Harvest,2013-01-01,Annual harvest 2013,,,,,,,,,Final Government Crop Production,,Crop Production,Yield,Collected,7.32579185520362,1544787.0,4.742266639480796e-06,Sweet Potatoes,KE,"Meru, Kenya (From 01/01/2013): All sectors (PS)",MT/ha,tonnes per hectare,R01591AA,Sweet potatoes,Eastern Africa,East Africa,37230091.0,344130.0,354628.0,869.0,522.0,crop:yield,121893.0,3101.0,25.0,7429455.0,"Official Agricultural Statistics, Kenya: Meru, Kenya (From 01/01/2013): All sectors (PS): R01591AA / Sweet Potatoes: Annual harvest: crop: crop:yield: tonnes per hectare",/SurveyIndicatorValue/CropProductionIndicatorValue/,/SurveyPopulationIndicator/CropProductionIndicator/,Public,2024-11-23T00:47:23,2024-11-23T00:47:23,2024-11-23T01:02:00,Published,2024-11-23T01:11:37,Ad Hoc,2013-12-31,"statistics.kilimo.go.ke_April_2024, Kenya",
36551,Kenya,"Ministry of Agricultural and Livestock Development, Kenya","Official Agricultural Statistics, Kenya","Meru, Kenya",Meru,KE2013A112,Kenya,Meru,,,,,All (PS),2013-12-01,2013-12-31,Annual harvest,Harvest,2013-01-01,Annual harvest 2013,,,,,,,,,Final Government Crop Production,,Crop Production,Yield,Collected,10.468438320209971,1544787.0,6.776622485954357e-06,Potato (Irish),KE,"Meru, Kenya (From 01/01/2013): All sectors (PS)",MT/ha,tonnes per hectare,R01510AB,Solanum tuberosum,Eastern Africa,East Africa,37229221.0,344130.0,354628.0,869.0,522.0,crop:yield,121893.0,3101.0,25.0,7429420.0,"Official Agricultural Statistics, Kenya: Meru, Kenya (From 01/01/2013): All sectors (PS): R01510AB / Potato (Irish): Annual harvest: crop: crop:yield: tonnes per hectare",/SurveyIndicatorValue/CropProductionIndicatorValue/,/SurveyPopulationIndicator/CropProductionIndicator/,Public,2024-11-23T00:47:00,2024-11-23T00:47:00,2024-11-23T01:02:00,Published,2024-11-23T01:11:37,Ad Hoc,2013-12-31,"statistics.kilimo.go.ke_April_2024, Kenya",
